{"cameraMode":{"drawMode":0,"name":"Shaded","section":"Shading Mode"},"sceneLighting":true,"audioPlay":false,"sceneViewState":{"showFog":false,"showMaterialUpdate":false,"showSkybox":false,"showFlares":false,"showImageEffects":false,"showParticleSystems":false},"in2DMode":false,"pivot":{"x":0.27169269323349,"y":-0.7078884840011597,"z":-0.8806290626525879},"rotation":{"x":-0.03908589482307434,"y":0.8462879061698914,"z":-0.5278463363647461,"w":-0.061863724142313007},"size":0.9126242995262146,"orthographic":false}