{"cameraMode":{"drawMode":0,"name":"Shaded","section":"Shading Mode"},"sceneLighting":false,"audioPlay":false,"sceneViewState":{"showFog":false,"showMaterialUpdate":false,"showSkybox":false,"showFlares":false,"showImageEffects":false,"showParticleSystems":false},"in2DMode":false,"pivot":{"x":0.00000762939453125,"y":0.0,"z":0.0000036954879760742189},"rotation":{"x":0.24227280914783479,"y":0.2650992274284363,"z":-0.06927734613418579,"w":0.9307962656021118},"size":9.18486213684082,"orthographic":false}