{"cameraMode":{"drawMode":0,"name":"Shaded","section":"Shading Mode"},"sceneLighting":true,"audioPlay":false,"sceneViewState":{"showFog":false,"showMaterialUpdate":false,"showSkybox":false,"showFlares":false,"showImageEffects":false,"showParticleSystems":false},"in2DMode":false,"pivot":{"x":0.20265701413154603,"y":0.07764013856649399,"z":-0.18971335887908936},"rotation":{"x":0.06900123506784439,"y":-0.08519590646028519,"z":0.005914145149290562,"w":0.9939560294151306},"size":0.5926049947738648,"orthographic":false}