{"cameraMode":{"drawMode":0,"name":"Shaded","section":"Shading Mode"},"sceneLighting":false,"audioPlay":false,"sceneViewState":{"showFog":false,"showMaterialUpdate":false,"showSkybox":false,"showFlares":false,"showImageEffects":false,"showParticleSystems":false},"in2DMode":false,"pivot":{"x":0.0,"y":0.8677774667739868,"z":-0.036273837089538577},"rotation":{"x":-0.03908589482307434,"y":0.8462879061698914,"z":-0.5278463363647461,"w":-0.061863724142313007},"size":4.756027698516846,"orthographic":false}